{"layout":"col-2cr-l","main_full_width":"no","favicon":"","google_rich_snippets":true,"logo":"1931","logo_sticky":"1930","logo_transparency":"1930","logo_2x":"","logo_sticky_2x":"","logo_transparency_2x":"","enable_back_top":true,"enable_page_loader":true,"body_background":{"image":"","repeat":"","position":"","attachment":"","size":"","color":""},"body_font_size":"14","text_color":"#727883","heading_color":"#083c5a","primary_color":"#0090ff","secondary_color":"#083c5a","third_color":"#727883","border_color":"#dddddd","font_source":"1","main_font":{"family":"Open Sans","font":"google"},"secondary_font":{"family":"Montserrat","font":"google"},"highlight_font":{"family":"Merriweather","font":"google"},"font_google_code":"","main_google_font_face":"","secondary_google_font_face":"","highlight_google_font_face":"","font_typekit_kit_id":"","main_typekit_font_face":"","secondary_typekit_font_face":"","highlight_typekit_font_face":"","header_background":{"image":"","repeat":"","position":"","attachment":"","size":"","color":"#ffffff"},"header_text_color":"#303744","header_link_color":"#303744","header_link_hover_color":"#0090ff","mm_lv_1_color":"#333333","mm_lv_1_bg_color":"rgba(0, 0, 0, 0)","mm_lv_1_hover_color":"#0090ff","mm_lv_1_hover_bg_color":"rgba(0, 0, 0, 0)","mm_lv_1_active_color":"#0090ff","mm_lv_1_active_bg_color":"rgba(0, 0, 0, 0)","header_sticky_background":{"image":"","repeat":"","position":"","attachment":"","size":"","color":"rgba(0,0,0,0.5)"},"header_sticky_mm_lv_1_color":"#fff","header_sticky_mm_lv_1_bg_color":"rgba(0, 0, 0, 0)","header_sticky_mm_lv_1_hover_color":"#fff","header_sticky_mm_lv_1_hover_bg_color":"#111","header_sticky_mm_lv_1_active_color":"#fff","header_sticky_mm_lv_1_active_bg_color":"#111","header_transparency_background":{"image":"","repeat":"","position":"","attachment":"","size":"","color":"transparent"},"header_transparency_mm_lv_1_color":"#fff","header_transparency_mm_lv_1_bg_color":"rgba(0, 0, 0, 0)","header_transparency_mm_lv_1_hover_color":"#fff","header_transparency_mm_lv_1_hover_bg_color":"#111","header_transparency_mm_lv_1_active_color":"#fff","header_transparency_mm_lv_1_active_bg_color":"#111","mm_dropdown_bg":"#111","mm_dropdown_link_color":"#aaa","mm_dropdown_link_bg":"rgba(0,0,0,0)","mm_dropdown_link_hover_color":"#fff","mm_dropdown_link_hover_bg":"rgba(0,0,0,0)","mm_wide_dropdown_bg":"#111","mm_wide_dropdown_heading_color":"#fff","mm_wide_dropdown_link_color":"#aaa","mm_wide_dropdown_link_bg":"rgba(0,0,0,0)","mm_wide_dropdown_link_hover_color":"#fff","mm_wide_dropdown_link_hover_bg":"rgba(0,0,0,0)","mb_background":"#111","mb_lv_1_color":"#fff","mb_lv_1_bg_color":"rgba(0,0,0,0)","mb_lv_1_hover_color":"#0090ff","mb_lv_1_hover_bg_color":"rgba(0,0,0,0)","mb_lv_2_color":"#fff","mb_lv_2_bg_color":"rgba(0,0,0,0)","mb_lv_2_hover_color":"#0090ff","mb_lv_2_hover_bg_color":"rgba(0,0,0,0)","page_header_background":{"image":"http:\/\/broly.la-studioweb.com\/wp-content\/uploads\/2016\/08\/pageheader-about.jpg","repeat":"","position":"center top","attachment":"","size":"cover","color":"#eeeeee"},"page_header_spacing":{"top":"70","bottom":"70"},"page_header_spacing_tablet":{"top":"70","bottom":"70"},"page_header_spacing_mobile":{"top":"40","bottom":"40"},"page_header_title_color":"#ffffff","page_header_text_color":"#ffffff","page_header_link_color":"#ffffff","page_header_link_hover_color":"#ce1a2b","footer_background":{"image":"","repeat":"","position":"","attachment":"","size":"","color":"#1d1f1f"},"footer_text_color":"#bdbfc3","footer_heading_color":"#fff","footer_link_color":"#bdbfc3","footer_link_hover_color":"#0090ff","header_layout":"1","header_full_width":"no","header_transparency":"yes","header_show_cart":true,"header_show_search":true,"header_show_social":true,"store_address":"198 West 21th Street, Suite 721, New York NY","store_phone":"(+85) 2345 6756","store_email":"info@la-studioweb.com","page_header_layout":"2","show_page_title":"yes","show_breadcrumbs":"yes","footer_layout":"1","footer_full_width":"no","footer_copyright_text":"<div class=\"text-center\">Copyright 2016 <span style=\"color:#fff\">BROLY<\/span>. All Right Reserved. Designed by <span style=\"color:#fff\">LA STUDIO<\/span><\/div>","blog_layout":"inherit","blog_post_columns":{"xlg":"1","lg":"1","md":"1","sm":"1","xs":"1"},"blog_post_thumbnail_size":"770x300","blog_excerpt_length":"40","single_post_layout":"inherit","single_post_show_share_link":true,"single_post_show_author_info":true,"single_post_show_comment":true,"shop_layout":"col-2cl","catalog_display_type":"grid","column_per_row":{"xlg":"3","lg":"3","md":"3","sm":"2","xs":"1"},"product_per_page_grid":"9,15,30","product_per_page_default_grid":"9","show_rating_on_catalog_page":true,"show_alt_image_catalog_page":true,"show_quick_view_btn":true,"show_wishlist_btn":true,"product_layout":"col-1c","enable_product_sharing":true,"show_related_product":true,"related_product_columns":{"xlg":"4","lg":"4","md":"2","sm":"2","xs":"1"},"show_upsell_product":true,"upsell_product_columns":{"xlg":"4","lg":"4","md":"2","sm":"2","xs":"1"},"show_custom_tab":true,"product_custom_tab_title":"Custom tab","product_custom_tab_content":"At vero eos et accusamus et iusto odio dignissimos ducimus qui blanditiis praesentium voluptatum deleniti atque corrupti quos dolores.","show_product_thumbnails":true,"enable_product_image_zoom":true,"enable_product_image_popup":true,"product_image_zoom_type":"inner","show_cross_sells":true,"cross_sells_columns":{"xlg":"3","lg":"3","md":"2","sm":"2","xs":"1"},"portfolio_name":"Portfolio","portfolio_slug":"portfolio","portfolio_cat_name":"Portfolio Category","portfolio_cat_slug":"portfolio-cat","portfolio_skill_name":"Portfolio Skill","portfolio_skill_slug":"portfolio-skill","portfolio_page_header_background":{"image":"http:\/\/broly.la-studioweb.com\/wp-content\/uploads\/2016\/09\/pageheader-portfolio.jpg","repeat":"","position":"","attachment":"","size":"","color":""},"portfolio_layout":"col-1c","portfolio_main_full_width":"inherit","portfolio_columns":{"xlg":"3","lg":"3","md":"3","sm":"2","xs":"1"},"portfolio_style":"default","portfolio_thumbnail_size":"370x370","enable_portfolio_masonry":true,"enable_portfolio_masonry_filter":true,"portfolio_skill_filters":{"1":{"category":"29"},"2":{"category":"30"},"3":{"category":"28"},"4":{"category":"31"}},"single_portfolio_layout":"col-1c","single_portfolio_style":"default","facebook_share":true,"twitter_share":true,"linkedin_share":true,"email_share":true,"pinterest_share":true,"google_plus_share":true,"404_layout":"col-1c","404_page_content":"[la_block name=\"block-404-page-content\"]","facebook_url":"https:\/\/facebook.com","twitter_url":"https:\/\/twitter.com","pinterest_url":"","linkedin_url":"https:\/\/www.linkedin.com","google_plus_url":"","rss_url":"","tumblr_url":"","instagram_url":"https:\/\/www.instagram.com\/","youtube_url":"https:\/\/www.youtube.com","vimeo_url":"","behance_url":"","dribble_url":"","flickr_url":"","git_url":"","skype_url":"","foursquare_url":"","soundcloud_url":"","custom_css":".page-header-v1 .section-page-header {\r\n    background-image: none;\r\n}\r\n.page-header-v1 .section-page-header .page-title {\r\n    color: #000;\r\n}\r\n.page-header-v1 .section-page-header .la-breadcrumbs,\r\n.page-header-v1 .section-page-header .la-breadcrumbs a {\r\n    color: #bdbfc3;\r\n}\r\n.page-header-v2 .section-page-header {\r\n    padding: 150px 0;\r\n}\r\n.enable-header-transparency.page-header-v2 .section-page-header {\r\n    padding: 240px 0 180px;\r\n}\r\n@media (max-width: 1024px){\r\n    .page-header-v2 .section-page-header {\r\n        padding: 120px 0;\r\n    }\r\n    .enable-header-transparency.page-header-v2 .section-page-header {\r\n        padding: 200px 0 150px;\r\n    }\r\n}\r\n@media (max-width: 767px){\r\n    .page-header-v2 .section-page-header {\r\n        padding: 80px 0;\r\n    }\r\n    .heading-with-number .heading-tag, \r\n    .heading-with-number .heading-number {\r\n        vertical-align: middle;\r\n    }\r\n}","header_js":"","footer_js":"","import":"","enable_catalog_mode":false}