{"orphaned_widgets_1":{"search-2":{"title":""},"recent-posts-2":{"title":"","number":5},"recent-comments-2":{"title":"","number":5},"archives-2":{"title":"","count":0,"dropdown":0},"categories-2":{"title":"","count":0,"hierarchical":0,"dropdown":0},"meta-2":{"title":""}},"cs-1":{"text-22":{"title":"","text":"<p><a href=\"http:\/\/broly.la-studioweb.com\/\"><img src=\"http:\/\/broly.la-studioweb.com\/wp-content\/uploads\/2016\/09\/logo-freelancer.png\" alt=\"\"\/><\/a><\/p>","filter":false,"classes":"text-center"},"nav_menu-2":{"nav_menu":34,"classes":"text-center footer-menu-horizonal"},"text-23":{"title":"","text":"[la_social_link style=\"default\"]","filter":false,"classes":"text-center"}},"cs-2":{"text-7":{"title":"","text":"<p><a href=\"http:\/\/broly.la-studioweb.com\/\"><img src=\"http:\/\/broly.la-studioweb.com\/wp-content\/themes\/broly\/assets\/images\/logo.png\" alt=\"\"\/><\/a><\/p>\r\n<p class=\"highlight-font-family font-style-italic margin-top-40 margin-bottom-40\">Broly is a creative & powerful multi purpose wordpress theme that will suits all your needs.<\/p>\r\n[la_social_link style=\"circle\"]","filter":false,"classes":"col-sm-6 col-md-3"},"recent-posts-5":{"title":"Latest posts","number":2,"show_date":true,"classes":"col-sm-6 col-md-3 col-md-offset-1"},"text-8":{"title":"Instagram","text":"[instagram-feed id=\"3411508874\" num=8 cols=4]","filter":false,"classes":"col-sm-6 col-md-4 col-md-offset-1"},"text-9":{"title":"","text":"<div class=\"vertical-contact-info\">\r\n<div class=\"contact-info contact-address\">\r\n        <div class=\"contact-icon\"><i class=\"fa-map-marker\"><\/i><\/div>\r\n        <div class=\"contact-value\"><p>198 West 21th Street, New York<\/p><\/div>\r\n    <\/div>\r\n    <div class=\"contact-info contact-phone\">\r\n        <div class=\"contact-icon\"><i class=\"fa-phone\"><\/i><\/div>\r\n        <div class=\"contact-value\"><p>(+85) 123 456 789<\/p><\/div>\r\n    <\/div>\r\n    <div class=\"contact-info contact-email\">\r\n        <div class=\"contact-icon\"><i class=\"fa-envelope-o\"><\/i><\/div>\r\n        <div class=\"contact-value\"><p><a href=\"mailto:info@yoursite.com\">info@yoursite.com<\/a><\/p><\/div>\r\n    <\/div>\r\n<\/div>","filter":false,"classes":"col-xs-12 col-sm-6 col-md-12"}},"cs-3":{"text-10":{"title":"","text":"<p><a href=\"http:\/\/broly.la-studioweb.com\/\"><img src=\"http:\/\/broly.la-studioweb.com\/wp-content\/uploads\/2016\/09\/logo-alt.png\" alt=\"\"\/><\/a><\/p>\r\n<p class=\"highlight-font-family font-style-italic margin-top-40 margin-bottom-40\">Broly is a creative & powerful <br\/>multi-purpose wordpress theme<\/p>\r\n[la_social_link style=\"default\"]","filter":false,"classes":"col-sm-6 col-md-3"},"woocommerce_products-2":{"title":"On Sale Products","number":2,"show":"","orderby":"date","order":"desc","hide_free":0,"show_hidden":0,"classes":"col-sm-6 col-md-3 footer-shop-simple"},"woocommerce_products-3":{"title":"Products","number":2,"show":"onsale","orderby":"date","order":"desc","hide_free":0,"show_hidden":0,"classes":"col-sm-6 col-md-3 hidden-widget-title footer-shop-simple"},"text-11":{"title":"Contact","text":"<div class=\"contact-info contact-address\">\r\n        <div class=\"contact-icon\"><i class=\"fa-map-marker\"><\/i><\/div>\r\n        <div class=\"contact-value\"><p>198 West 21th Street, New York<\/p><\/div>\r\n    <\/div>\r\n    <div class=\"contact-info contact-phone\">\r\n        <div class=\"contact-icon\"><i class=\"fa-phone\"><\/i><\/div>\r\n        <div class=\"contact-value\"><p>(+85) 123 456 789<\/p><\/div>\r\n    <\/div>\r\n    <div class=\"contact-info contact-email\">\r\n        <div class=\"contact-icon\"><i class=\"fa-envelope-o\"><\/i><\/div>\r\n        <div class=\"contact-value\"><p><a href=\"mailto:info@yoursite.com\">info@yoursite.com<\/a><\/p><\/div>\r\n    <\/div>","filter":false,"classes":"col-sm-6 col-md-3 footer-shop-simple"}},"cs-4":{"text-12":{"title":"","text":"<p><a href=\"http:\/\/broly.la-studioweb.com\/\"><img src=\"http:\/\/broly.la-studioweb.com\/wp-content\/uploads\/2016\/09\/logo-alt.png\" alt=\"\"\/><\/a><\/p>\r\n<p class=\"highlight-font-family font-style-italic margin-top-40 margin-bottom-40\">Broly is a creative & powerful <br\/>multi-purpose wordpress theme<\/p>\r\n[la_social_link style=\"circle\"]","filter":false,"classes":"col-sm-6 col-md-3 footer-column-maxwidth"},"recent-posts-6":{"title":"Latest posts","number":2,"show_date":true,"classes":"col-sm-6 col-md-3 footer-column-maxwidth"},"text-14":{"title":"Instagram","text":"[instagram-feed id=\"3411508874\" num=6 cols=3]","filter":false,"classes":"col-sm-6 col-md-3 footer-column-maxwidth"},"text-13":{"title":"Contact","text":"<div class=\"contact-info contact-address\">\r\n        <div class=\"contact-icon\"><i class=\"fa-map-marker\"><\/i><\/div>\r\n        <div class=\"contact-value\"><p>198 West 21th Street, New York<\/p><\/div>\r\n    <\/div>\r\n    <div class=\"contact-info contact-phone\">\r\n        <div class=\"contact-icon\"><i class=\"fa-phone\"><\/i><\/div>\r\n        <div class=\"contact-value\"><p>(+85) 123 456 789<\/p><\/div>\r\n    <\/div>\r\n    <div class=\"contact-info contact-email\">\r\n        <div class=\"contact-icon\"><i class=\"fa-envelope-o\"><\/i><\/div>\r\n        <div class=\"contact-value\"><p><a href=\"mailto:info@yoursite.com\">info@yoursite.com<\/a><\/p><\/div>\r\n    <\/div>","filter":false,"classes":"col-sm-6 col-md-3"}},"cs-5":{"text-15":{"title":"","text":"<p><a href=\"http:\/\/broly.la-studioweb.com\/\"><img src=\"http:\/\/broly.la-studioweb.com\/wp-content\/uploads\/2016\/09\/logo-construction.png\" alt=\"\"\/><\/a><\/p>\r\n<p class=\"font-weight-300 margin-top-40 margin-bottom-40\">Broly is a creative & powerful multi purpose wordpress theme that will suits all your needs.<\/p>\r\n[la_social_link style=\"circle\"]","filter":false,"classes":"col-sm-6 col-md-3"},"text-16":{"title":"Company","text":"<div class=\"row font-weight-300\">\r\n  \t<div class=\"col-xs-12 col-md-6\">\r\n      <ul>\r\n        <li class=\"margin-bottom-10\"><a href=\"#\">About<\/a><\/li>\r\n<li class=\"margin-bottom-10\"><a href=\"#\">Contact<\/a><\/li>\r\n<li class=\"margin-bottom-10\"><a href=\"#\">Privacy Policy<\/a><\/li>\r\n<li class=\"margin-bottom-10\"><a href=\"#\">Terms Of Use<\/a><\/li>\r\n<li class=\"margin-bottom-10\"><a href=\"#\">Recruitment<\/a><\/li>\r\n      <\/ul>\r\n    <\/div><div class=\"col-xs-12 col-md-6\">\r\n      <ul>\r\n        <li class=\"margin-bottom-10\"><a href=\"#\">Blog<\/a><\/li>\r\n<li class=\"margin-bottom-10\"><a href=\"#\">Events<\/a><\/li>\r\n<li class=\"margin-bottom-10\"><a href=\"#\">Customers<\/a><\/li>\r\n<li class=\"margin-bottom-10\"><a href=\"#\">FAQs<\/a><\/li>\r\n      <\/ul>\r\n    <\/div>\r\n  <\/div>","filter":false,"classes":"col-xs-12 col-sm-6 col-md-4 col-md-offset-1"},"recent-posts-7":{"title":"Latest Posts","number":3,"show_date":true,"classes":"col-sm-6 col-md-4"},"text-17":{"title":"","text":"<div class=\"vertical-contact-info\">\r\n<div class=\"contact-info contact-address\">\r\n        <div class=\"contact-icon\"><i class=\"fa-map-marker\"><\/i><\/div>\r\n        <div class=\"contact-value\"><p>198 West 21th Street, New York<\/p><\/div>\r\n    <\/div>\r\n    <div class=\"contact-info contact-phone\">\r\n        <div class=\"contact-icon\"><i class=\"fa-phone\"><\/i><\/div>\r\n        <div class=\"contact-value\"><p>(+85) 123 456 789<\/p><\/div>\r\n    <\/div>\r\n    <div class=\"contact-info contact-email\">\r\n        <div class=\"contact-icon\"><i class=\"fa-envelope-o\"><\/i><\/div>\r\n        <div class=\"contact-value\"><p><a href=\"mailto:info@yoursite.com\">info@yoursite.com<\/a><\/p><\/div>\r\n    <\/div>\r\n<\/div>","filter":false,"classes":"col-xs-12 col-sm-6 col-md-12"}},"cs-6":{"text-18":{"title":"","text":"<p><a href=\"http:\/\/broly.la-studioweb.com\/\"><img src=\"http:\/\/broly.la-studioweb.com\/wp-content\/uploads\/2016\/09\/logo-spa.png\" alt=\"\"\/><\/a><\/p>\r\n<p class=\"font-weight-300 margin-top-40 margin-bottom-40\">Broly is a creative & powerful multi purpose wordpress theme that will suits all your needs.<\/p>\r\n[la_social_link style=\"default\"]","filter":false,"classes":"col-sm-6 col-md-3"},"text-19":{"title":"Company","text":"<div class=\"row font-weight-300\">\r\n  \t<div class=\"col-xs-12 col-md-6\">\r\n      <ul>\r\n        <li class=\"margin-bottom-10\"><a href=\"#\">About<\/a><\/li>\r\n<li class=\"margin-bottom-10\"><a href=\"#\">Contact<\/a><\/li>\r\n<li class=\"margin-bottom-10\"><a href=\"#\">Privacy Policy<\/a><\/li>\r\n<li class=\"margin-bottom-10\"><a href=\"#\">Terms Of Use<\/a><\/li>\r\n<li class=\"margin-bottom-10\"><a href=\"#\">Recruitment<\/a><\/li>\r\n      <\/ul>\r\n    <\/div><div class=\"col-xs-12 col-md-6\">\r\n      <ul>\r\n        <li class=\"margin-bottom-10\"><a href=\"#\">Blog<\/a><\/li>\r\n<li class=\"margin-bottom-10\"><a href=\"#\">Events<\/a><\/li>\r\n<li class=\"margin-bottom-10\"><a href=\"#\">Customers<\/a><\/li>\r\n<li class=\"margin-bottom-10\"><a href=\"#\">FAQs<\/a><\/li>\r\n      <\/ul>\r\n    <\/div>\r\n  <\/div>","filter":false,"classes":"col-xs-12 col-sm-6 col-md-4 col-md-offset-1"},"recent-posts-8":{"title":"Latest Posts","number":3,"show_date":true,"classes":"col-sm-6 col-md-4"},"text-20":{"title":"","text":"<div class=\"vertical-contact-info\">\r\n<div class=\"contact-info contact-address\">\r\n        <div class=\"contact-icon\"><i class=\"fa-map-marker\"><\/i><\/div>\r\n        <div class=\"contact-value\"><p>198 West 21th Street, New York<\/p><\/div>\r\n    <\/div>\r\n    <div class=\"contact-info contact-phone\">\r\n        <div class=\"contact-icon\"><i class=\"fa-phone\"><\/i><\/div>\r\n        <div class=\"contact-value\"><p>(+85) 123 456 789<\/p><\/div>\r\n    <\/div>\r\n    <div class=\"contact-info contact-email\">\r\n        <div class=\"contact-icon\"><i class=\"fa-envelope-o\"><\/i><\/div>\r\n        <div class=\"contact-value\"><p><a href=\"mailto:info@yoursite.com\">info@yoursite.com<\/a><\/p><\/div>\r\n    <\/div>\r\n<\/div>","filter":false,"classes":"col-xs-12 col-sm-6 col-md-12"}},"cs-7":{"text-21":{"title":"","text":"<p><a href=\"http:\/\/broly.la-studioweb.com\/\"><img src=\"http:\/\/broly.la-studioweb.com\/wp-content\/uploads\/2016\/09\/logo-alt.png\" alt=\"\"\/><\/a><\/p>\r\n<p class=\"font-style-italic font-weight-300 margin-top-25 margin-bottom-20\">Broly is a creative &amp; powerful multi-purpose wordpress theme<\/p>\r\n[la_social_link style=\"default\"]","filter":false,"classes":"text-center padding-bottom-30"}},"sidebar-primary":{"text-6":{"title":"","text":"[la_banner tag=\"h3\" banner_id=\"1534\" title=\"Ollie Marshall\" title_fz=\"md:18px;\" title_color=\"#000000\" title_class=\"padding-10\" el_class=\"margin-bottom-25\"][la_heading tag=\"h3\" alignment=\"left\" title=\"About Me\" title_fz=\"md:16px;\" title_lh=\"md:30px;\" el_class=\"margin-bottom-25\" title_class=\"text-uppercase\"]Lorem ipsum dolor sit amet, consectetur adipisicing elit, sed do eiusmod tempor incididunt ut labore et dolore.[\/la_heading][la_social_link]","filter":false,"classes":""},"search-3":{"title":"SEARCH","classes":""},"categories-3":{"title":"CATEGORIES","count":1,"hierarchical":0,"dropdown":0,"classes":""},"recent-posts-4":{"title":"LATEST POSTS","number":5,"show_date":true,"classes":""},"tag_cloud-2":{"title":"TAGS","taxonomy":"post_tag","classes":""},"text-5":{"title":"INSTAGRAM","text":"[instagram-feed id=\"3411508874\" num=6 cols=3]","filter":false,"classes":""}},"sidebar-shop-primary":{"woocommerce_product_search-2":{"title":"Search","classes":""},"woocommerce_product_categories-2":{"title":"Categories","orderby":"name","dropdown":0,"count":0,"hierarchical":1,"show_children_only":0,"hide_empty":0,"classes":""},"woocommerce_layered_nav-2":{"title":"Filter by","attribute":"","display_type":"list","query_type":"and","classes":""},"woocommerce_layered_nav_filters-2":{"title":"Active Filters","classes":""},"woocommerce_price_filter-2":{"title":"Filter by price","classes":""},"woocommerce_recently_viewed_products-2":{"title":"Recently Viewed Products","number":5,"classes":""}},"footer-area":{"text-2":{"title":"","text":"<p><a href=\"http:\/\/broly.la-studioweb.com\/\"><img src=\"http:\/\/broly.la-studioweb.com\/wp-content\/themes\/broly\/assets\/images\/logo.png\" alt=\"\"\/><\/a><\/p>\r\n<p class=\"highlight-font-family font-style-italic margin-top-40 margin-bottom-40\">Broly is a creative & powerful <br\/>multi-purpose wordpress theme<\/p>\r\n[la_social_link style=\"circle\"]","filter":false,"classes":"col-sm-6 col-md-3 footer-column-maxwidth"},"recent-posts-3":{"title":"Latest posts","number":2,"show_date":true,"classes":"col-sm-6 col-md-3 footer-column-maxwidth"},"text-3":{"title":"Instagram","text":"[instagram-feed id=\"3411508874\" num=6 cols=3]","filter":false,"classes":"col-sm-6 col-md-3 footer-column-maxwidth"},"text-4":{"title":"Contact","text":"<div class=\"contact-info contact-address\">\r\n        <div class=\"contact-icon\"><i class=\"fa-map-marker\"><\/i><\/div>\r\n        <div class=\"contact-value\"><p>198 West 21th Street, New York<\/p><\/div>\r\n    <\/div>\r\n    <div class=\"contact-info contact-phone\">\r\n        <div class=\"contact-icon\"><i class=\"fa-phone\"><\/i><\/div>\r\n        <div class=\"contact-value\"><p>(+85) 123 456 789<\/p><\/div>\r\n    <\/div>\r\n    <div class=\"contact-info contact-email\">\r\n        <div class=\"contact-icon\"><i class=\"fa-envelope-o\"><\/i><\/div>\r\n        <div class=\"contact-value\"><p><a href=\"mailto:info@yoursite.com\">info@yoursite.com<\/a><\/p><\/div>\r\n    <\/div>","filter":false,"classes":"col-sm-6 col-md-3"}}}