{
  "logo" : "2231",
  "primary_color": "#c3a356",
  "heading_color": "#023059",
  "header_layout": "1",
  "header_full_width": "no",
  "header_transparency": "yes",
  "header_text_color": "#bdbfc3",
  "header_link_color": "#333",
  "header_link_hover_color": "#c3a356",
  "main_font": {
    "family": "Philosopher",
    "font": "google"
  },
  "secondary_font": {
    "family": "Philosopher",
    "font": "google"
  },
  "highlight_font": {
    "family": "Tangerine",
    "font": "google"
  },

  "mm_lv_1_color": "#333333",

  "mm_lv_1_hover_color": "#c3a356",
  "mm_lv_1_active_color": "#c3a356",

  "mb_lv_1_hover_color": "#c3a356",
  "mb_lv_2_color": "#fff",
  "mb_lv_2_hover_color": "#c3a356",
  "footer_full_width": "",
  "footer_text_color": "#bdbfc3",
  "footer_heading_color": "#fff",
  "footer_link_color": "#bdbfc3",
  "footer_link_hover_color": "#fff",
  "footer_background": {
    "image": "http://duypham.local/wordpress/broly/wp-content/uploads/2016/09/footer-spa.jpg"
  }
}