{
  "header_full_width": "yes",
  "header_transparency": "yes",
  "header_layout": "4",
  "header_show_cart": false,
  "header_show_search": false,
  "header_show_social": false,
  "main_font": {
    "family": "Lato",
    "font": "google"
  },
  "secondary_font": {
    "family": "Lato",
    "font": "google"
  },
  "highlight_font": {
    "family": "Lato",
    "font": "google"
  },
  "text_color": "#7a8f9b",
  "primary_color": "#4cb648",
  "secondary_color": "#083c5a",
  "heading_color": "#083c5a",
  "header_link_hover_color": "#4cb648",
  "mm_lv_1_color": "#333333",
  "mm_lv_1_hover_color": "#4cb648",
  "mm_lv_1_active_color": "#4cb648",
  "mb_lv_1_hover_color": "#4cb648",
  "mb_lv_2_color": "#fff",
  "mb_lv_2_hover_color": "#4cb648",
  "footer_full_width": "yes",
  "footer_text_color": "#bdbfc3",
  "footer_heading_color": "#fff",
  "footer_link_color": "#bdbfc3",
  "footer_link_hover_color": "#4cb648"
}