{
  "logo" : "2228",
  "header_layout": "6",
  "header_transparency": "no",
  "mm_lv_1_color": "#303744",
  "mm_lv_1_bg_color": "rgba(0, 0, 0, 0)",
  "mm_lv_1_hover_color": "#ce1a2b",
  "mm_lv_1_hover_bg_color": "rgba(0, 0, 0, 0)",
  "mm_lv_1_active_color": "#ce1a2b",
  "mm_lv_1_active_bg_color": "rgba(0, 0, 0, 0)",

  "header_transparency_mm_lv_1_color": "#fff",
  "header_transparency_mm_lv_1_bg_color": "rgba(0, 0, 0, 0)",
  "header_transparency_mm_lv_1_hover_color": "#ce1a2b",
  "header_transparency_mm_lv_1_hover_bg_color": "rgba(0, 0, 0, 0)",
  "header_transparency_mm_lv_1_active_color": "#ce1a2b",
  "header_transparency_mm_lv_1_active_bg_color": "rgba(0, 0, 0, 0)"
}