{
  "logo" : "2229",
  "logo_sticky": "2229",
  "logo_transparency": "2229",
  "primary_color": "#ffb901",
  "heading_color": "#023059",
  "header_layout": "2",
  "header_full_width": "no",
  "header_transparency": "yes",
  "header_transparency_background": {
    "color": "rgba(0,0,0,0.5)"
  },
  "header_text_color": "#bdbfc3",
  "header_link_color": "#333",
  "header_link_hover_color": "#ffb901",
  "main_font": {
    "family": "Poppins",
    "font": "google"
  },
  "secondary_font": {
    "family": "Poppins",
    "font": "google"
  },
  "highlight_font": {
    "family": "Poppins",
    "font": "google"
  },
  "mm_lv_1_color": "#333333",

  "mm_lv_1_hover_color": "#ffb901",
  "mm_lv_1_active_color": "#ffb901",

  "mb_lv_1_hover_color": "#ffb901",
  "mb_lv_2_color": "#fff",
  "mb_lv_2_hover_color": "#ffb901",
  "footer_full_width": "no",
  "footer_text_color": "#bdbfc3",
  "footer_heading_color": "#fff",
  "footer_link_color": "#bdbfc3",
  "footer_link_hover_color": "#fff"
}