{
  "text_color": "#727883",
  "primary_color": "#0090ff",
  "secondary_color": "#083c5a",
  "heading_color": "#083c5a",
  "header_link_hover_color": "#0090ff",
  "mm_lv_1_color": "#333333",
  "mm_lv_1_hover_color": "#0090ff",
  "mm_lv_1_active_color": "#0090ff",
  "mb_lv_1_hover_color": "#0090ff",
  "mb_lv_2_color": "#fff",
  "mb_lv_2_hover_color": "#0090ff",
  "footer_full_width": "no",
  "footer_text_color": "#bdbfc3",
  "footer_heading_color": "#fff",
  "footer_link_color": "#bdbfc3",
  "footer_link_hover_color": "#0090ff"
}