{
  "logo" : "2228",
  "primary_color": "#023059",
  "heading_color": "#023059",
  "header_full_width": "no",
  "header_transparency": "no",
  "header_text_color": "#bdbfc3",
  "header_link_color": "#333",
  "header_link_hover_color": "#023059",
  "main_font": {
    "family": "Raleway",
    "font": "google"
  },
  "secondary_font": {
    "family": "Raleway",
    "font": "google"
  },
  "highlight_font": {
    "family": "Maven Pro",
    "font": "google"
  },
  "mm_lv_1_color": "#333333",
  "mm_lv_1_hover_color": "#023059",
  "mm_lv_1_active_color": "#023059",

  "mb_lv_2_color": "#fff",
  "mb_lv_1_hover_color": "#023059",
  "mb_lv_2_hover_color": "#023059",
  "footer_full_width": "no",
  "footer_text_color": "#bdbfc3",
  "footer_heading_color": "#fff",
  "footer_link_color": "#bdbfc3",
  "footer_link_hover_color": "#fff"
}