{
  "primary_color": "#b86b63",
  "heading_color": "#023059",
  "header_layout": "5",
  "header_full_width": "no",
  "header_transparency": "yes",
  "header_text_color": "#bdbfc3",
  "header_link_color": "#333",
  "header_link_hover_color": "#b86b63",
  "header_show_cart": false,
  "header_show_search": false,
  "header_show_social": false,
  "main_font": {
    "family": "Cardo",
    "font": "google"
  },
  "secondary_font": {
    "family": "Playfair Display",
    "font": "google"
  },
  "highlight_font": {
    "family": "Cardo",
    "font": "google"
  },

  "mm_lv_1_color": "#333333",

  "mm_lv_1_hover_color": "#b86b63",
  "mm_lv_1_active_color": "#b86b63",

  "mb_lv_1_hover_color": "#b86b63",
  "mb_lv_2_color": "#fff",
  "mb_lv_2_hover_color": "#b86b63",
  "footer_full_width": "",
  "footer_text_color": "#bdbfc3",
  "footer_heading_color": "#fff",
  "footer_link_color": "#bdbfc3",
  "footer_link_hover_color": "#fff",
  "footer_background": {
    "color": "#564a56"
  },
  "footer_copyright_text": "<div class=\"text-center\">Copyright 2016 <span style=\"color:#000\">BROLY<\/span>. All Right Reserved. Designed by <span style=\"color:#000\">LA STUDIO<\/span><\/div>"
}